,height,weight
count,15.0,15.0
mean,65.0,136.73333333333332
std,4.47213595499958,15.49869426143776
min,58.0,115.0
25%,61.5,124.5
50%,65.0,135.0
75%,68.5,148.0
max,72.0,164.0
